dia;mês;concat;Comemoração;Feriado
1;1;11;AnoNovo;FERIADO
15;2;152;Carnaval;FERIADO
16;2;162;Carnaval;FERIADO
17;2;172;Carnaval;FERIADO
2;4;24;Sexta-FeiraSanta;FERIADO
4;4;44;Páscoa;FERIADO
21;4;214;Tiradentes;FERIADO
1;5;15;DiadoTrabalho;FERIADO
3;6;36;CorpusChristi;FERIADO
15;8;158;AssunçãodeNossaSenhora;FERIADO
7;9;79;IndependênciadoBrasil;FERIADO
12;10;1210;NossaSenhoraAparecida;FERIADO
2;11;211;DiadeFinados;FERIADO
15;11;1511;ProclamaçãodaRepública;FERIADO
8;12;812;ImaculadaConceição;FERIADO
25;12;2512;Natal;FERIADO

